-- ============================================================
-- LearnUp — Seed Data (25 tutors, 60 reviews, 30 tags)
-- Run AFTER schema.sql
-- ============================================================

-- ============================================================
-- INTEREST TAGS (30)
-- ============================================================

insert into public.interest_tags (id, name_he, name_en, category, icon) values
('11111111-0001-0001-0001-000000000001', 'כדורגל', 'Soccer', 'sport', '⚽'),
('11111111-0001-0001-0001-000000000002', 'כדורסל', 'Basketball', 'sport', '🏀'),
('11111111-0001-0001-0001-000000000003', 'שחייה', 'Swimming', 'sport', '🏊'),
('11111111-0001-0001-0001-000000000004', 'ריקוד', 'Dance', 'sport', '💃'),
('11111111-0001-0001-0001-000000000005', 'ציור', 'Drawing', 'art', '🎨'),
('11111111-0001-0001-0001-000000000006', 'מוזיקה', 'Music', 'art', '🎵'),
('11111111-0001-0001-0001-000000000007', 'צילום', 'Photography', 'art', '📷'),
('11111111-0001-0001-0001-000000000008', 'תיאטרון', 'Theater', 'art', '🎭'),
('11111111-0001-0001-0001-000000000009', 'משחקי מחשב', 'Gaming', 'tech', '🎮'),
('11111111-0001-0001-0001-000000000010', 'תכנות', 'Coding', 'tech', '💻'),
('11111111-0001-0001-0001-000000000011', 'רובוטיקה', 'Robotics', 'tech', '🤖'),
('11111111-0001-0001-0001-000000000012', 'מדע', 'Science', 'tech', '🔬'),
('11111111-0001-0001-0001-000000000013', 'טבע', 'Nature', 'nature', '🌿'),
('11111111-0001-0001-0001-000000000014', 'חיות', 'Animals', 'nature', '🐾'),
('11111111-0001-0001-0001-000000000015', 'גינון', 'Gardening', 'nature', '🌱'),
('11111111-0001-0001-0001-000000000016', 'בישול', 'Cooking', 'social', '👨‍🍳'),
('11111111-0001-0001-0001-000000000017', 'קריאה', 'Reading', 'academic', '📖'),
('11111111-0001-0001-0001-000000000018', 'כתיבה', 'Writing', 'academic', '✍️'),
('11111111-0001-0001-0001-000000000019', 'שחמט', 'Chess', 'academic', '♟️'),
('11111111-0001-0001-0001-000000000020', 'חידות', 'Puzzles', 'academic', '🧩'),
('11111111-0001-0001-0001-000000000021', 'יוגה', 'Yoga', 'sport', '🧘'),
('11111111-0001-0001-0001-000000000022', 'אומנויות לחימה', 'Martial Arts', 'sport', '🥋'),
('11111111-0001-0001-0001-000000000023', 'סקייטבורד', 'Skateboarding', 'sport', '🛹'),
('11111111-0001-0001-0001-000000000024', 'אנימציה', 'Animation', 'art', '🎬'),
('11111111-0001-0001-0001-000000000025', 'עיצוב', 'Design', 'art', '🖌️'),
('11111111-0001-0001-0001-000000000026', 'אלקטרוניקה', 'Electronics', 'tech', '⚡'),
('11111111-0001-0001-0001-000000000027', 'אסטרונומיה', 'Astronomy', 'nature', '🔭'),
('11111111-0001-0001-0001-000000000028', 'התנדבות', 'Volunteering', 'social', '🤝'),
('11111111-0001-0001-0001-000000000029', 'נסיעות', 'Travel', 'social', '✈️'),
('11111111-0001-0001-0001-000000000030', 'לגו', 'Lego', 'tech', '🧱');

-- ============================================================
-- TUTOR PROFILES (25) — using deterministic UUIDs
-- We insert into profiles + tutor_profiles + tutor_subjects + strengths + interests
-- ============================================================

-- Helper: Generate deterministic tutor UUIDs
-- Pattern: 22222222-0000-0000-0000-0000000000XX

-- Tutor 1: רונית כהן — Math specialist
insert into public.profiles (id, email, full_name, role, avatar_url, city) values
('22222222-0000-0000-0000-000000000001', 'ronit@example.com', 'רונית כהן', 'tutor', null, 'תל אביב');
insert into public.tutor_profiles (id, bio, display_name, hourly_rate, trial_rate, rating_avg, review_count, experience, is_approved, is_available) values
('22222222-0000-0000-0000-000000000001', 'מורה למתמטיקה עם 8 שנות ניסיון בבתי ספר יסודיים. מתמחה בהוראה חווייתית ובפתרון בעיות. אני מאמינה שכל ילד יכול להצליח במתמטיקה עם הגישה הנכונה.', 'רונית כהן', 120, 60, 4.85, 12, 8, true, true);
insert into public.tutor_subjects (tutor_id, subject, grades) values
('22222222-0000-0000-0000-000000000001', 'math', '{1,2,3,4,5,6}');
insert into public.tutor_topic_strengths (tutor_id, subject, topic_name, strength, is_weak) values
('22222222-0000-0000-0000-000000000001', 'math', 'שברים', 5, false),
('22222222-0000-0000-0000-000000000001', 'math', 'חשבון', 5, false),
('22222222-0000-0000-0000-000000000001', 'math', 'גיאומטריה', 4, false),
('22222222-0000-0000-0000-000000000001', 'math', 'בעיות מילוליות', 5, false);
insert into public.tutor_interests (tutor_id, tag_id) values
('22222222-0000-0000-0000-000000000001', '11111111-0001-0001-0001-000000000020'),
('22222222-0000-0000-0000-000000000001', '11111111-0001-0001-0001-000000000019');

-- Tutor 2: דני לוי — English teacher
insert into public.profiles (id, email, full_name, role, avatar_url, city) values
('22222222-0000-0000-0000-000000000002', 'dani@example.com', 'דני לוי', 'tutor', null, 'חיפה');
insert into public.tutor_profiles (id, bio, display_name, hourly_rate, trial_rate, rating_avg, review_count, experience, is_approved, is_available) values
('22222222-0000-0000-0000-000000000002', 'מורה לאנגלית עם תעודת TEFL. גרתי 4 שנים בלונדון. מלמד דרך משחקים, שירים ושיחה חופשית. השיעורים שלי כיפיים ויעילים.', 'דני לוי', 110, 55, 4.72, 8, 6, true, true);
insert into public.tutor_subjects (tutor_id, subject, grades) values
('22222222-0000-0000-0000-000000000002', 'english', '{1,2,3,4,5,6}');
insert into public.tutor_topic_strengths (tutor_id, subject, topic_name, strength, is_weak) values
('22222222-0000-0000-0000-000000000002', 'english', 'קריאה', 5, false),
('22222222-0000-0000-0000-000000000002', 'english', 'דקדוק', 4, false),
('22222222-0000-0000-0000-000000000002', 'english', 'אוצר מילים', 5, false),
('22222222-0000-0000-0000-000000000002', 'english', 'שיחה', 5, false);
insert into public.tutor_interests (tutor_id, tag_id) values
('22222222-0000-0000-0000-000000000002', '11111111-0001-0001-0001-000000000006'),
('22222222-0000-0000-0000-000000000002', '11111111-0001-0001-0001-000000000029');

-- Tutor 3: מיכל אברהם — Math + Science
insert into public.profiles (id, email, full_name, role, avatar_url, city) values
('22222222-0000-0000-0000-000000000003', 'michal@example.com', 'מיכל אברהם', 'tutor', null, 'ירושלים');
insert into public.tutor_profiles (id, bio, display_name, hourly_rate, trial_rate, rating_avg, review_count, experience, is_approved, is_available) values
('22222222-0000-0000-0000-000000000003', 'בוגרת הטכניון בהנדסת ביו-רפואית. מלמדת מתמטיקה ומדעים בגישה מעשית עם ניסויים בבית. הילדים פשוט אוהבים את השיעורים!', 'מיכל אברהם', 130, 65, 4.91, 15, 5, true, true);
insert into public.tutor_subjects (tutor_id, subject, grades) values
('22222222-0000-0000-0000-000000000003', 'math', '{3,4,5,6}'),
('22222222-0000-0000-0000-000000000003', 'science', '{3,4,5,6}');
insert into public.tutor_topic_strengths (tutor_id, subject, topic_name, strength, is_weak) values
('22222222-0000-0000-0000-000000000003', 'math', 'שברים', 4, false),
('22222222-0000-0000-0000-000000000003', 'math', 'אחוזים', 5, false),
('22222222-0000-0000-0000-000000000003', 'science', 'גוף האדם', 5, false),
('22222222-0000-0000-0000-000000000003', 'science', 'חשמל', 4, false),
('22222222-0000-0000-0000-000000000003', 'science', 'ניסויים', 5, false);
insert into public.tutor_interests (tutor_id, tag_id) values
('22222222-0000-0000-0000-000000000003', '11111111-0001-0001-0001-000000000012'),
('22222222-0000-0000-0000-000000000003', '11111111-0001-0001-0001-000000000013');

-- Tutor 4: יוסי מזרחי — Hebrew
insert into public.profiles (id, email, full_name, role, avatar_url, city) values
('22222222-0000-0000-0000-000000000004', 'yossi@example.com', 'יוסי מזרחי', 'tutor', null, 'באר שבע');
insert into public.tutor_profiles (id, bio, display_name, hourly_rate, trial_rate, rating_avg, review_count, experience, is_approved, is_available) values
('22222222-0000-0000-0000-000000000004', 'מורה לעברית ולשון עם 10 שנות ניסיון. מתמחה בהבנת הנקרא, כתיבה יצירתית ודקדוק. מאמין בלמידה דרך סיפורים.', 'יוסי מזרחי', 95, 50, 4.63, 6, 10, true, true);
insert into public.tutor_subjects (tutor_id, subject, grades) values
('22222222-0000-0000-0000-000000000004', 'hebrew', '{1,2,3,4,5,6}');
insert into public.tutor_topic_strengths (tutor_id, subject, topic_name, strength, is_weak) values
('22222222-0000-0000-0000-000000000004', 'hebrew', 'הבנת הנקרא', 5, false),
('22222222-0000-0000-0000-000000000004', 'hebrew', 'כתיבה', 5, false),
('22222222-0000-0000-0000-000000000004', 'hebrew', 'דקדוק', 4, false);
insert into public.tutor_interests (tutor_id, tag_id) values
('22222222-0000-0000-0000-000000000004', '11111111-0001-0001-0001-000000000017'),
('22222222-0000-0000-0000-000000000004', '11111111-0001-0001-0001-000000000018');

-- Tutor 5: נועה שמעוני — English + Hebrew
insert into public.profiles (id, email, full_name, role, avatar_url, city) values
('22222222-0000-0000-0000-000000000005', 'noa@example.com', 'נועה שמעוני', 'tutor', null, 'תל אביב');
insert into public.tutor_profiles (id, bio, display_name, hourly_rate, trial_rate, rating_avg, review_count, experience, is_approved, is_available) values
('22222222-0000-0000-0000-000000000005', 'סטודנטית לחינוך באוניברסיטת ת״א. מלמדת אנגלית ועברית לכיתות א׳-ד׳. משתמשת בכרטיסיות, משחקים ואפליקציות חינוכיות.', 'נועה שמעוני', 85, 40, 4.50, 4, 2, true, true);
insert into public.tutor_subjects (tutor_id, subject, grades) values
('22222222-0000-0000-0000-000000000005', 'english', '{1,2,3,4}'),
('22222222-0000-0000-0000-000000000005', 'hebrew', '{1,2,3,4}');
insert into public.tutor_topic_strengths (tutor_id, subject, topic_name, strength, is_weak) values
('22222222-0000-0000-0000-000000000005', 'english', 'אוצר מילים', 4, false),
('22222222-0000-0000-0000-000000000005', 'english', 'קריאה', 4, false),
('22222222-0000-0000-0000-000000000005', 'hebrew', 'קריאה', 4, false),
('22222222-0000-0000-0000-000000000005', 'hebrew', 'כתיבה', 3, false);
insert into public.tutor_interests (tutor_id, tag_id) values
('22222222-0000-0000-0000-000000000005', '11111111-0001-0001-0001-000000000005'),
('22222222-0000-0000-0000-000000000005', '11111111-0001-0001-0001-000000000004');

-- Tutor 6: אמיר חסן — Math genius
insert into public.profiles (id, email, full_name, role, avatar_url, city) values
('22222222-0000-0000-0000-000000000006', 'amir@example.com', 'אמיר חסן', 'tutor', null, 'חיפה');
insert into public.tutor_profiles (id, bio, display_name, hourly_rate, trial_rate, rating_avg, review_count, experience, is_approved, is_available) values
('22222222-0000-0000-0000-000000000006', 'מהנדס תוכנה שאוהב ללמד מתמטיקה. מתמחה בחשיבה לוגית ופתרון בעיות. השיעורים שלי מבוססים על אתגרים וחידות.', 'אמיר חסן', 140, 70, 4.95, 18, 7, true, true);
insert into public.tutor_subjects (tutor_id, subject, grades) values
('22222222-0000-0000-0000-000000000006', 'math', '{4,5,6}');
insert into public.tutor_topic_strengths (tutor_id, subject, topic_name, strength, is_weak) values
('22222222-0000-0000-0000-000000000006', 'math', 'שברים', 5, false),
('22222222-0000-0000-0000-000000000006', 'math', 'אחוזים', 5, false),
('22222222-0000-0000-0000-000000000006', 'math', 'גיאומטריה', 5, false),
('22222222-0000-0000-0000-000000000006', 'math', 'אלגברה', 5, false),
('22222222-0000-0000-0000-000000000006', 'math', 'בעיות מילוליות', 5, false);
insert into public.tutor_interests (tutor_id, tag_id) values
('22222222-0000-0000-0000-000000000006', '11111111-0001-0001-0001-000000000010'),
('22222222-0000-0000-0000-000000000006', '11111111-0001-0001-0001-000000000019'),
('22222222-0000-0000-0000-000000000006', '11111111-0001-0001-0001-000000000020');

-- Tutor 7-25: Bulk insert remaining tutors
insert into public.profiles (id, email, full_name, role, avatar_url, city) values
('22222222-0000-0000-0000-000000000007', 'shira@example.com', 'שירה גולן', 'tutor', null, 'רמת גן'),
('22222222-0000-0000-0000-000000000008', 'omer@example.com', 'עומר דביר', 'tutor', null, 'הרצליה'),
('22222222-0000-0000-0000-000000000009', 'tamar@example.com', 'תמר ברק', 'tutor', null, 'ירושלים'),
('22222222-0000-0000-0000-000000000010', 'eyal@example.com', 'אייל פרידמן', 'tutor', null, 'תל אביב'),
('22222222-0000-0000-0000-000000000011', 'maya@example.com', 'מאיה רוזנברג', 'tutor', null, 'נתניה'),
('22222222-0000-0000-0000-000000000012', 'ido@example.com', 'עידו כץ', 'tutor', null, 'ראשון לציון'),
('22222222-0000-0000-0000-000000000013', 'liora@example.com', 'ליאורה סגל', 'tutor', null, 'פתח תקווה'),
('22222222-0000-0000-0000-000000000014', 'gal@example.com', 'גל עמרני', 'tutor', null, 'חולון'),
('22222222-0000-0000-0000-000000000015', 'yael@example.com', 'יעל נחום', 'tutor', null, 'רעננה'),
('22222222-0000-0000-0000-000000000016', 'rotem@example.com', 'רותם אלון', 'tutor', null, 'באר שבע'),
('22222222-0000-0000-0000-000000000017', 'ori@example.com', 'אורי שפירא', 'tutor', null, 'כפר סבא'),
('22222222-0000-0000-0000-000000000018', 'eden@example.com', 'עדן מלכה', 'tutor', null, 'אשדוד'),
('22222222-0000-0000-0000-000000000019', 'lior@example.com', 'ליאור בן עמי', 'tutor', null, 'תל אביב'),
('22222222-0000-0000-0000-000000000020', 'hila@example.com', 'הילה דיין', 'tutor', null, 'גבעתיים'),
('22222222-0000-0000-0000-000000000021', 'itay@example.com', 'איתי מור', 'tutor', null, 'חיפה'),
('22222222-0000-0000-0000-000000000022', 'sapir@example.com', 'ספיר וולף', 'tutor', null, 'הוד השרון'),
('22222222-0000-0000-0000-000000000023', 'noam@example.com', 'נועם גרינברג', 'tutor', null, 'מודיעין'),
('22222222-0000-0000-0000-000000000024', 'dana@example.com', 'דנה פלג', 'tutor', null, 'רמת גן'),
('22222222-0000-0000-0000-000000000025', 'tal@example.com', 'טל אורן', 'tutor', null, 'ירושלים');

insert into public.tutor_profiles (id, bio, display_name, hourly_rate, trial_rate, rating_avg, review_count, experience, is_approved, is_available) values
('22222222-0000-0000-0000-000000000007', 'מורה לאנגלית ולמדעים. בוגרת אוניברסיטת חיפה. מתמחה בילדים עם קשיי קשב וריכוז.', 'שירה גולן', 115, 55, 4.78, 9, 4, true, true),
('22222222-0000-0000-0000-000000000008', 'מורה להיסטוריה וגיאוגרפיה. מביא את הסיפורים לחיים. שיעורים אינטראקטיביים עם מפות, סרטונים ודיונים.', 'עומר דביר', 100, 50, 4.55, 5, 6, true, true),
('22222222-0000-0000-0000-000000000009', 'מורה למתמטיקה ועברית. 12 שנות ניסיון. סבלנית, יצירתית ומחויבת להצלחת כל תלמיד.', 'תמר ברק', 105, 55, 4.82, 11, 12, true, true),
('22222222-0000-0000-0000-000000000010', 'מורה למדעים. דוקטורנט בביולוגיה. מלמד דרך ניסויים מעשיים וסקרנות טבעית.', 'אייל פרידמן', 135, 65, 4.67, 7, 3, true, true),
('22222222-0000-0000-0000-000000000011', 'מורה לאנגלית עם ניסיון בינלאומי. חיה 5 שנים בניו יורק. שיעורים בשיטת Immersion.', 'מאיה רוזנברג', 125, 60, 4.88, 14, 8, true, true),
('22222222-0000-0000-0000-000000000012', 'מורה למתמטיקה. סטודנט להנדסה. מלמד בגישה טכנולוגית עם אפליקציות ומשחקים.', 'עידו כץ', 90, 45, 4.40, 3, 2, true, true),
('22222222-0000-0000-0000-000000000013', 'מורה לעברית ולאנגלית. מתמחה בדיסלקציה ולקויות למידה. גישה אישית לכל תלמיד.', 'ליאורה סגל', 145, 70, 4.93, 16, 11, true, true),
('22222222-0000-0000-0000-000000000014', 'מורה למתמטיקה ולמדעים. אוהב לפשט את המורכב. שיעורים עם הומור וקלילות.', 'גל עמרני', 100, 50, 4.58, 5, 4, true, true),
('22222222-0000-0000-0000-000000000015', 'מורה להיסטוריה. מאסטר בהיסטוריה של המזרח התיכון. מלמדת דרך סרטים ודוקומנטרים.', 'יעל נחום', 110, 55, 4.70, 7, 5, true, true),
('22222222-0000-0000-0000-000000000016', 'מורה לגיאוגרפיה ומדעים. מדריכת טיולים לשעבר. מביאה את העולם לכיתה.', 'רותם אלון', 95, 45, 4.45, 4, 3, true, true),
('22222222-0000-0000-0000-000000000017', 'מורה למתמטיקה. מנטור לאולימפיאדת מתמטיקה. מתאים לתלמידים מתקדמים שרוצים אתגר.', 'אורי שפירא', 150, 75, 4.97, 19, 9, true, true),
('22222222-0000-0000-0000-000000000018', 'מורה לאנגלית ועברית. בוגרת סמינר הקיבוצים. אוהבת ליצור חומרי לימוד מותאמים אישית.', 'עדן מלכה', 90, 45, 4.35, 3, 2, true, true),
('22222222-0000-0000-0000-000000000019', 'מורה למדעים ולמתמטיקה. 15 שנות ניסיון. מומחה בהכנה למבחנים ובניית ביטחון.', 'ליאור בן עמי', 140, 70, 4.90, 13, 15, true, true),
('22222222-0000-0000-0000-000000000020', 'מורה לעברית. משוררת ומחברת ספרי ילדים. מלמדת כתיבה יצירתית ואהבת הקריאה.', 'הילה דיין', 115, 55, 4.75, 8, 6, true, true),
('22222222-0000-0000-0000-000000000021', 'מורה לאנגלית ולהיסטוריה. דובר 4 שפות. שיעורים רב-תחומיים ומרתקים.', 'איתי מור', 105, 50, 4.60, 6, 4, true, true),
('22222222-0000-0000-0000-000000000022', 'מורה למתמטיקה. מתמחה בשברים, אחוזים ואלגברה. סבלנית ובעלת גישה חיובית.', 'ספיר וולף', 100, 50, 4.52, 5, 3, true, true),
('22222222-0000-0000-0000-000000000023', 'מורה למדעים. חוקר בטכניון. מלמד דרך פרויקטים וחקר מודרך.', 'נועם גרינברג', 130, 65, 4.83, 10, 7, true, true),
('22222222-0000-0000-0000-000000000024', 'מורה לגיאוגרפיה ועברית. אוהבת מפות, תרבויות ושפה. שיעורים צבעוניים ומגוונים.', 'דנה פלג', 95, 45, 4.48, 4, 3, true, true),
('22222222-0000-0000-0000-000000000025', 'מורה להיסטוריה ואנגלית. בוגר אוניברסיטה העברית. מלמד בגישה דיאלוגית ומעמיקה.', 'טל אורן', 110, 55, 4.65, 6, 5, true, true);

-- Subjects for tutors 7-25
insert into public.tutor_subjects (tutor_id, subject, grades) values
('22222222-0000-0000-0000-000000000007', 'english', '{2,3,4,5}'),
('22222222-0000-0000-0000-000000000007', 'science', '{3,4,5}'),
('22222222-0000-0000-0000-000000000008', 'history', '{3,4,5,6}'),
('22222222-0000-0000-0000-000000000008', 'geography', '{3,4,5,6}'),
('22222222-0000-0000-0000-000000000009', 'math', '{1,2,3,4,5,6}'),
('22222222-0000-0000-0000-000000000009', 'hebrew', '{1,2,3,4}'),
('22222222-0000-0000-0000-000000000010', 'science', '{4,5,6}'),
('22222222-0000-0000-0000-000000000011', 'english', '{1,2,3,4,5,6}'),
('22222222-0000-0000-0000-000000000012', 'math', '{3,4,5,6}'),
('22222222-0000-0000-0000-000000000013', 'hebrew', '{1,2,3,4,5,6}'),
('22222222-0000-0000-0000-000000000013', 'english', '{1,2,3,4,5,6}'),
('22222222-0000-0000-0000-000000000014', 'math', '{2,3,4,5}'),
('22222222-0000-0000-0000-000000000014', 'science', '{3,4,5}'),
('22222222-0000-0000-0000-000000000015', 'history', '{4,5,6}'),
('22222222-0000-0000-0000-000000000016', 'geography', '{3,4,5,6}'),
('22222222-0000-0000-0000-000000000016', 'science', '{3,4,5}'),
('22222222-0000-0000-0000-000000000017', 'math', '{4,5,6}'),
('22222222-0000-0000-0000-000000000018', 'english', '{1,2,3,4}'),
('22222222-0000-0000-0000-000000000018', 'hebrew', '{1,2,3,4}'),
('22222222-0000-0000-0000-000000000019', 'science', '{3,4,5,6}'),
('22222222-0000-0000-0000-000000000019', 'math', '{3,4,5,6}'),
('22222222-0000-0000-0000-000000000020', 'hebrew', '{1,2,3,4,5,6}'),
('22222222-0000-0000-0000-000000000021', 'english', '{3,4,5,6}'),
('22222222-0000-0000-0000-000000000021', 'history', '{4,5,6}'),
('22222222-0000-0000-0000-000000000022', 'math', '{3,4,5,6}'),
('22222222-0000-0000-0000-000000000023', 'science', '{4,5,6}'),
('22222222-0000-0000-0000-000000000024', 'geography', '{3,4,5,6}'),
('22222222-0000-0000-0000-000000000024', 'hebrew', '{2,3,4,5}'),
('22222222-0000-0000-0000-000000000025', 'history', '{4,5,6}'),
('22222222-0000-0000-0000-000000000025', 'english', '{4,5,6}');

-- Topic strengths for remaining tutors
insert into public.tutor_topic_strengths (tutor_id, subject, topic_name, strength, is_weak) values
('22222222-0000-0000-0000-000000000007', 'english', 'דקדוק', 5, false),
('22222222-0000-0000-0000-000000000007', 'english', 'כתיבה', 4, false),
('22222222-0000-0000-0000-000000000007', 'science', 'גוף האדם', 4, false),
('22222222-0000-0000-0000-000000000008', 'history', 'ימי הביניים', 5, false),
('22222222-0000-0000-0000-000000000008', 'history', 'תולדות ישראל', 5, false),
('22222222-0000-0000-0000-000000000008', 'geography', 'גיאוגרפיה של ישראל', 4, false),
('22222222-0000-0000-0000-000000000009', 'math', 'חשבון', 5, false),
('22222222-0000-0000-0000-000000000009', 'math', 'בעיות מילוליות', 5, false),
('22222222-0000-0000-0000-000000000009', 'hebrew', 'הבנת הנקרא', 4, false),
('22222222-0000-0000-0000-000000000010', 'science', 'ביולוגיה', 5, false),
('22222222-0000-0000-0000-000000000010', 'science', 'אקולוגיה', 5, false),
('22222222-0000-0000-0000-000000000011', 'english', 'שיחה', 5, false),
('22222222-0000-0000-0000-000000000011', 'english', 'אוצר מילים', 5, false),
('22222222-0000-0000-0000-000000000011', 'english', 'קריאה', 5, false),
('22222222-0000-0000-0000-000000000012', 'math', 'אלגברה', 4, false),
('22222222-0000-0000-0000-000000000012', 'math', 'גיאומטריה', 3, false),
('22222222-0000-0000-0000-000000000013', 'hebrew', 'דקדוק', 5, false),
('22222222-0000-0000-0000-000000000013', 'hebrew', 'כתיבה', 5, false),
('22222222-0000-0000-0000-000000000013', 'english', 'קריאה', 5, false),
('22222222-0000-0000-0000-000000000014', 'math', 'שברים', 4, false),
('22222222-0000-0000-0000-000000000014', 'science', 'חשמל', 4, false),
('22222222-0000-0000-0000-000000000015', 'history', 'תקופת המקרא', 5, false),
('22222222-0000-0000-0000-000000000015', 'history', 'השואה', 5, false),
('22222222-0000-0000-0000-000000000016', 'geography', 'אקלים', 4, false),
('22222222-0000-0000-0000-000000000016', 'science', 'מזג אוויר', 4, false),
('22222222-0000-0000-0000-000000000017', 'math', 'אלגברה', 5, false),
('22222222-0000-0000-0000-000000000017', 'math', 'גיאומטריה', 5, false),
('22222222-0000-0000-0000-000000000017', 'math', 'אחוזים', 5, false),
('22222222-0000-0000-0000-000000000018', 'english', 'אוצר מילים', 4, false),
('22222222-0000-0000-0000-000000000018', 'hebrew', 'קריאה', 4, false),
('22222222-0000-0000-0000-000000000019', 'science', 'פיזיקה', 5, false),
('22222222-0000-0000-0000-000000000019', 'math', 'אחוזים', 5, false),
('22222222-0000-0000-0000-000000000020', 'hebrew', 'כתיבה', 5, false),
('22222222-0000-0000-0000-000000000020', 'hebrew', 'הבנת הנקרא', 5, false),
('22222222-0000-0000-0000-000000000021', 'english', 'דקדוק', 4, false),
('22222222-0000-0000-0000-000000000021', 'history', 'תולדות ישראל', 5, false),
('22222222-0000-0000-0000-000000000022', 'math', 'שברים', 5, false),
('22222222-0000-0000-0000-000000000022', 'math', 'אחוזים', 4, false),
('22222222-0000-0000-0000-000000000023', 'science', 'ניסויים', 5, false),
('22222222-0000-0000-0000-000000000023', 'science', 'כימיה', 4, false),
('22222222-0000-0000-0000-000000000024', 'geography', 'גיאוגרפיה של ישראל', 5, false),
('22222222-0000-0000-0000-000000000024', 'hebrew', 'דקדוק', 4, false),
('22222222-0000-0000-0000-000000000025', 'history', 'ימי הביניים', 4, false),
('22222222-0000-0000-0000-000000000025', 'english', 'כתיבה', 4, false);

-- Interests for remaining tutors
insert into public.tutor_interests (tutor_id, tag_id) values
('22222222-0000-0000-0000-000000000007', '11111111-0001-0001-0001-000000000014'),
('22222222-0000-0000-0000-000000000008', '11111111-0001-0001-0001-000000000029'),
('22222222-0000-0000-0000-000000000009', '11111111-0001-0001-0001-000000000016'),
('22222222-0000-0000-0000-000000000010', '11111111-0001-0001-0001-000000000013'),
('22222222-0000-0000-0000-000000000011', '11111111-0001-0001-0001-000000000029'),
('22222222-0000-0000-0000-000000000012', '11111111-0001-0001-0001-000000000009'),
('22222222-0000-0000-0000-000000000013', '11111111-0001-0001-0001-000000000017'),
('22222222-0000-0000-0000-000000000014', '11111111-0001-0001-0001-000000000001'),
('22222222-0000-0000-0000-000000000015', '11111111-0001-0001-0001-000000000007'),
('22222222-0000-0000-0000-000000000016', '11111111-0001-0001-0001-000000000013'),
('22222222-0000-0000-0000-000000000017', '11111111-0001-0001-0001-000000000019'),
('22222222-0000-0000-0000-000000000018', '11111111-0001-0001-0001-000000000006'),
('22222222-0000-0000-0000-000000000019', '11111111-0001-0001-0001-000000000012'),
('22222222-0000-0000-0000-000000000020', '11111111-0001-0001-0001-000000000018'),
('22222222-0000-0000-0000-000000000021', '11111111-0001-0001-0001-000000000008'),
('22222222-0000-0000-0000-000000000022', '11111111-0001-0001-0001-000000000021'),
('22222222-0000-0000-0000-000000000023', '11111111-0001-0001-0001-000000000027'),
('22222222-0000-0000-0000-000000000024', '11111111-0001-0001-0001-000000000015'),
('22222222-0000-0000-0000-000000000025', '11111111-0001-0001-0001-000000000017');

-- Availability slots for all tutors (varied)
insert into public.availability_slots (tutor_id, day_of_week, start_time, end_time) values
('22222222-0000-0000-0000-000000000001', 0, '16:00', '17:00'),
('22222222-0000-0000-0000-000000000001', 0, '17:00', '18:00'),
('22222222-0000-0000-0000-000000000001', 2, '16:00', '17:00'),
('22222222-0000-0000-0000-000000000001', 2, '17:00', '18:00'),
('22222222-0000-0000-0000-000000000001', 4, '15:00', '16:00'),
('22222222-0000-0000-0000-000000000002', 1, '16:00', '17:00'),
('22222222-0000-0000-0000-000000000002', 1, '17:00', '18:00'),
('22222222-0000-0000-0000-000000000002', 3, '16:00', '17:00'),
('22222222-0000-0000-0000-000000000003', 0, '15:00', '16:00'),
('22222222-0000-0000-0000-000000000003', 0, '16:00', '17:00'),
('22222222-0000-0000-0000-000000000003', 1, '15:00', '16:00'),
('22222222-0000-0000-0000-000000000003', 2, '15:00', '16:00'),
('22222222-0000-0000-0000-000000000003', 3, '15:00', '16:00'),
('22222222-0000-0000-0000-000000000003', 4, '15:00', '16:00'),
('22222222-0000-0000-0000-000000000004', 0, '17:00', '18:00'),
('22222222-0000-0000-0000-000000000004', 2, '17:00', '18:00'),
('22222222-0000-0000-0000-000000000005', 1, '14:00', '15:00'),
('22222222-0000-0000-0000-000000000005', 3, '14:00', '15:00'),
('22222222-0000-0000-0000-000000000005', 4, '14:00', '15:00'),
('22222222-0000-0000-0000-000000000006', 0, '16:00', '17:00'),
('22222222-0000-0000-0000-000000000006', 0, '17:00', '18:00'),
('22222222-0000-0000-0000-000000000006', 1, '16:00', '17:00'),
('22222222-0000-0000-0000-000000000006', 1, '17:00', '18:00'),
('22222222-0000-0000-0000-000000000006', 2, '16:00', '17:00'),
('22222222-0000-0000-0000-000000000006', 2, '17:00', '18:00'),
('22222222-0000-0000-0000-000000000006', 3, '16:00', '17:00'),
('22222222-0000-0000-0000-000000000006', 3, '17:00', '18:00'),
('22222222-0000-0000-0000-000000000006', 4, '16:00', '17:00'),
('22222222-0000-0000-0000-000000000006', 4, '17:00', '18:00');

-- ============================================================
-- BOOKINGS (for review seeding — 60 completed)
-- ============================================================

-- We need student profiles first for FK. Create a seed student.
insert into public.profiles (id, email, full_name, role, avatar_url, city) values
('33333333-0000-0000-0000-000000000001', 'student1@example.com', 'תלמיד בדיקה', 'student', null, 'תל אביב');
insert into public.student_profiles (id, grade, subjects, onboarding_completed) values
('33333333-0000-0000-0000-000000000001', 5, '{math,english}', true);

-- Generate 60 bookings across tutors (completed status for reviews)
insert into public.bookings (id, student_id, tutor_id, subject, status, proposed_start, confirmed_start, price, platform_fee, payment_status) values
('44444444-0000-0000-0000-000000000001', '33333333-0000-0000-0000-000000000001', '22222222-0000-0000-0000-000000000001', 'math', 'completed', '2026-01-05 16:00+02', '2026-01-05 16:00+02', 120, 18, 'paid'),
('44444444-0000-0000-0000-000000000002', '33333333-0000-0000-0000-000000000001', '22222222-0000-0000-0000-000000000001', 'math', 'completed', '2026-01-08 16:00+02', '2026-01-08 16:00+02', 120, 18, 'paid'),
('44444444-0000-0000-0000-000000000003', '33333333-0000-0000-0000-000000000001', '22222222-0000-0000-0000-000000000001', 'math', 'completed', '2026-01-12 16:00+02', '2026-01-12 16:00+02', 120, 18, 'paid'),
('44444444-0000-0000-0000-000000000004', '33333333-0000-0000-0000-000000000001', '22222222-0000-0000-0000-000000000002', 'english', 'completed', '2026-01-06 16:00+02', '2026-01-06 16:00+02', 110, 17, 'paid'),
('44444444-0000-0000-0000-000000000005', '33333333-0000-0000-0000-000000000001', '22222222-0000-0000-0000-000000000002', 'english', 'completed', '2026-01-09 16:00+02', '2026-01-09 16:00+02', 110, 17, 'paid'),
('44444444-0000-0000-0000-000000000006', '33333333-0000-0000-0000-000000000001', '22222222-0000-0000-0000-000000000003', 'math', 'completed', '2026-01-07 15:00+02', '2026-01-07 15:00+02', 130, 20, 'paid'),
('44444444-0000-0000-0000-000000000007', '33333333-0000-0000-0000-000000000001', '22222222-0000-0000-0000-000000000003', 'science', 'completed', '2026-01-10 15:00+02', '2026-01-10 15:00+02', 130, 20, 'paid'),
('44444444-0000-0000-0000-000000000008', '33333333-0000-0000-0000-000000000001', '22222222-0000-0000-0000-000000000003', 'math', 'completed', '2026-01-14 15:00+02', '2026-01-14 15:00+02', 130, 20, 'paid'),
('44444444-0000-0000-0000-000000000009', '33333333-0000-0000-0000-000000000001', '22222222-0000-0000-0000-000000000004', 'hebrew', 'completed', '2026-01-05 17:00+02', '2026-01-05 17:00+02', 95, 14, 'paid'),
('44444444-0000-0000-0000-000000000010', '33333333-0000-0000-0000-000000000001', '22222222-0000-0000-0000-000000000005', 'english', 'completed', '2026-01-06 14:00+02', '2026-01-06 14:00+02', 85, 13, 'paid'),
('44444444-0000-0000-0000-000000000011', '33333333-0000-0000-0000-000000000001', '22222222-0000-0000-0000-000000000006', 'math', 'completed', '2026-01-05 16:00+02', '2026-01-05 16:00+02', 140, 21, 'paid'),
('44444444-0000-0000-0000-000000000012', '33333333-0000-0000-0000-000000000001', '22222222-0000-0000-0000-000000000006', 'math', 'completed', '2026-01-07 16:00+02', '2026-01-07 16:00+02', 140, 21, 'paid'),
('44444444-0000-0000-0000-000000000013', '33333333-0000-0000-0000-000000000001', '22222222-0000-0000-0000-000000000006', 'math', 'completed', '2026-01-08 16:00+02', '2026-01-08 16:00+02', 140, 21, 'paid'),
('44444444-0000-0000-0000-000000000014', '33333333-0000-0000-0000-000000000001', '22222222-0000-0000-0000-000000000007', 'english', 'completed', '2026-01-06 16:00+02', '2026-01-06 16:00+02', 115, 17, 'paid'),
('44444444-0000-0000-0000-000000000015', '33333333-0000-0000-0000-000000000001', '22222222-0000-0000-0000-000000000008', 'history', 'completed', '2026-01-07 16:00+02', '2026-01-07 16:00+02', 100, 15, 'paid'),
('44444444-0000-0000-0000-000000000016', '33333333-0000-0000-0000-000000000001', '22222222-0000-0000-0000-000000000009', 'math', 'completed', '2026-01-05 16:00+02', '2026-01-05 16:00+02', 105, 16, 'paid'),
('44444444-0000-0000-0000-000000000017', '33333333-0000-0000-0000-000000000001', '22222222-0000-0000-0000-000000000009', 'math', 'completed', '2026-01-12 16:00+02', '2026-01-12 16:00+02', 105, 16, 'paid'),
('44444444-0000-0000-0000-000000000018', '33333333-0000-0000-0000-000000000001', '22222222-0000-0000-0000-000000000010', 'science', 'completed', '2026-01-07 16:00+02', '2026-01-07 16:00+02', 135, 20, 'paid'),
('44444444-0000-0000-0000-000000000019', '33333333-0000-0000-0000-000000000001', '22222222-0000-0000-0000-000000000011', 'english', 'completed', '2026-01-06 16:00+02', '2026-01-06 16:00+02', 125, 19, 'paid'),
('44444444-0000-0000-0000-000000000020', '33333333-0000-0000-0000-000000000001', '22222222-0000-0000-0000-000000000011', 'english', 'completed', '2026-01-08 16:00+02', '2026-01-08 16:00+02', 125, 19, 'paid'),
('44444444-0000-0000-0000-000000000021', '33333333-0000-0000-0000-000000000001', '22222222-0000-0000-0000-000000000012', 'math', 'completed', '2026-01-09 16:00+02', '2026-01-09 16:00+02', 90, 14, 'paid'),
('44444444-0000-0000-0000-000000000022', '33333333-0000-0000-0000-000000000001', '22222222-0000-0000-0000-000000000013', 'hebrew', 'completed', '2026-01-05 16:00+02', '2026-01-05 16:00+02', 145, 22, 'paid'),
('44444444-0000-0000-0000-000000000023', '33333333-0000-0000-0000-000000000001', '22222222-0000-0000-0000-000000000013', 'hebrew', 'completed', '2026-01-08 16:00+02', '2026-01-08 16:00+02', 145, 22, 'paid'),
('44444444-0000-0000-0000-000000000024', '33333333-0000-0000-0000-000000000001', '22222222-0000-0000-0000-000000000013', 'english', 'completed', '2026-01-10 16:00+02', '2026-01-10 16:00+02', 145, 22, 'paid'),
('44444444-0000-0000-0000-000000000025', '33333333-0000-0000-0000-000000000001', '22222222-0000-0000-0000-000000000014', 'math', 'completed', '2026-01-06 16:00+02', '2026-01-06 16:00+02', 100, 15, 'paid'),
('44444444-0000-0000-0000-000000000026', '33333333-0000-0000-0000-000000000001', '22222222-0000-0000-0000-000000000015', 'history', 'completed', '2026-01-07 16:00+02', '2026-01-07 16:00+02', 110, 17, 'paid'),
('44444444-0000-0000-0000-000000000027', '33333333-0000-0000-0000-000000000001', '22222222-0000-0000-0000-000000000016', 'geography', 'completed', '2026-01-08 16:00+02', '2026-01-08 16:00+02', 95, 14, 'paid'),
('44444444-0000-0000-0000-000000000028', '33333333-0000-0000-0000-000000000001', '22222222-0000-0000-0000-000000000017', 'math', 'completed', '2026-01-05 16:00+02', '2026-01-05 16:00+02', 150, 23, 'paid'),
('44444444-0000-0000-0000-000000000029', '33333333-0000-0000-0000-000000000001', '22222222-0000-0000-0000-000000000017', 'math', 'completed', '2026-01-07 16:00+02', '2026-01-07 16:00+02', 150, 23, 'paid'),
('44444444-0000-0000-0000-000000000030', '33333333-0000-0000-0000-000000000001', '22222222-0000-0000-0000-000000000017', 'math', 'completed', '2026-01-09 16:00+02', '2026-01-09 16:00+02', 150, 23, 'paid'),
('44444444-0000-0000-0000-000000000031', '33333333-0000-0000-0000-000000000001', '22222222-0000-0000-0000-000000000017', 'math', 'completed', '2026-01-12 16:00+02', '2026-01-12 16:00+02', 150, 23, 'paid'),
('44444444-0000-0000-0000-000000000032', '33333333-0000-0000-0000-000000000001', '22222222-0000-0000-0000-000000000018', 'english', 'completed', '2026-01-06 16:00+02', '2026-01-06 16:00+02', 90, 14, 'paid'),
('44444444-0000-0000-0000-000000000033', '33333333-0000-0000-0000-000000000001', '22222222-0000-0000-0000-000000000019', 'science', 'completed', '2026-01-05 16:00+02', '2026-01-05 16:00+02', 140, 21, 'paid'),
('44444444-0000-0000-0000-000000000034', '33333333-0000-0000-0000-000000000001', '22222222-0000-0000-0000-000000000019', 'math', 'completed', '2026-01-08 16:00+02', '2026-01-08 16:00+02', 140, 21, 'paid'),
('44444444-0000-0000-0000-000000000035', '33333333-0000-0000-0000-000000000001', '22222222-0000-0000-0000-000000000019', 'science', 'completed', '2026-01-10 16:00+02', '2026-01-10 16:00+02', 140, 21, 'paid'),
('44444444-0000-0000-0000-000000000036', '33333333-0000-0000-0000-000000000001', '22222222-0000-0000-0000-000000000020', 'hebrew', 'completed', '2026-01-06 16:00+02', '2026-01-06 16:00+02', 115, 17, 'paid'),
('44444444-0000-0000-0000-000000000037', '33333333-0000-0000-0000-000000000001', '22222222-0000-0000-0000-000000000020', 'hebrew', 'completed', '2026-01-09 16:00+02', '2026-01-09 16:00+02', 115, 17, 'paid'),
('44444444-0000-0000-0000-000000000038', '33333333-0000-0000-0000-000000000001', '22222222-0000-0000-0000-000000000021', 'english', 'completed', '2026-01-07 16:00+02', '2026-01-07 16:00+02', 105, 16, 'paid'),
('44444444-0000-0000-0000-000000000039', '33333333-0000-0000-0000-000000000001', '22222222-0000-0000-0000-000000000022', 'math', 'completed', '2026-01-08 16:00+02', '2026-01-08 16:00+02', 100, 15, 'paid'),
('44444444-0000-0000-0000-000000000040', '33333333-0000-0000-0000-000000000001', '22222222-0000-0000-0000-000000000023', 'science', 'completed', '2026-01-05 16:00+02', '2026-01-05 16:00+02', 130, 20, 'paid'),
('44444444-0000-0000-0000-000000000041', '33333333-0000-0000-0000-000000000001', '22222222-0000-0000-0000-000000000023', 'science', 'completed', '2026-01-09 16:00+02', '2026-01-09 16:00+02', 130, 20, 'paid'),
('44444444-0000-0000-0000-000000000042', '33333333-0000-0000-0000-000000000001', '22222222-0000-0000-0000-000000000024', 'geography', 'completed', '2026-01-06 16:00+02', '2026-01-06 16:00+02', 95, 14, 'paid'),
('44444444-0000-0000-0000-000000000043', '33333333-0000-0000-0000-000000000001', '22222222-0000-0000-0000-000000000025', 'history', 'completed', '2026-01-07 16:00+02', '2026-01-07 16:00+02', 110, 17, 'paid'),
('44444444-0000-0000-0000-000000000044', '33333333-0000-0000-0000-000000000001', '22222222-0000-0000-0000-000000000001', 'math', 'completed', '2026-01-15 16:00+02', '2026-01-15 16:00+02', 120, 18, 'paid'),
('44444444-0000-0000-0000-000000000045', '33333333-0000-0000-0000-000000000001', '22222222-0000-0000-0000-000000000001', 'math', 'completed', '2026-01-19 16:00+02', '2026-01-19 16:00+02', 120, 18, 'paid'),
('44444444-0000-0000-0000-000000000046', '33333333-0000-0000-0000-000000000001', '22222222-0000-0000-0000-000000000002', 'english', 'completed', '2026-01-13 16:00+02', '2026-01-13 16:00+02', 110, 17, 'paid'),
('44444444-0000-0000-0000-000000000047', '33333333-0000-0000-0000-000000000001', '22222222-0000-0000-0000-000000000003', 'science', 'completed', '2026-01-16 15:00+02', '2026-01-16 15:00+02', 130, 20, 'paid'),
('44444444-0000-0000-0000-000000000048', '33333333-0000-0000-0000-000000000001', '22222222-0000-0000-0000-000000000006', 'math', 'completed', '2026-01-14 16:00+02', '2026-01-14 16:00+02', 140, 21, 'paid'),
('44444444-0000-0000-0000-000000000049', '33333333-0000-0000-0000-000000000001', '22222222-0000-0000-0000-000000000006', 'math', 'completed', '2026-01-15 17:00+02', '2026-01-15 17:00+02', 140, 21, 'paid'),
('44444444-0000-0000-0000-000000000050', '33333333-0000-0000-0000-000000000001', '22222222-0000-0000-0000-000000000011', 'english', 'completed', '2026-01-13 16:00+02', '2026-01-13 16:00+02', 125, 19, 'paid'),
('44444444-0000-0000-0000-000000000051', '33333333-0000-0000-0000-000000000001', '22222222-0000-0000-0000-000000000013', 'hebrew', 'completed', '2026-01-14 16:00+02', '2026-01-14 16:00+02', 145, 22, 'paid'),
('44444444-0000-0000-0000-000000000052', '33333333-0000-0000-0000-000000000001', '22222222-0000-0000-0000-000000000017', 'math', 'completed', '2026-01-15 16:00+02', '2026-01-15 16:00+02', 150, 23, 'paid'),
('44444444-0000-0000-0000-000000000053', '33333333-0000-0000-0000-000000000001', '22222222-0000-0000-0000-000000000019', 'science', 'completed', '2026-01-14 16:00+02', '2026-01-14 16:00+02', 140, 21, 'paid'),
('44444444-0000-0000-0000-000000000054', '33333333-0000-0000-0000-000000000001', '22222222-0000-0000-0000-000000000009', 'math', 'completed', '2026-01-19 16:00+02', '2026-01-19 16:00+02', 105, 16, 'paid'),
('44444444-0000-0000-0000-000000000055', '33333333-0000-0000-0000-000000000001', '22222222-0000-0000-0000-000000000003', 'math', 'completed', '2026-01-21 15:00+02', '2026-01-21 15:00+02', 130, 20, 'paid'),
('44444444-0000-0000-0000-000000000056', '33333333-0000-0000-0000-000000000001', '22222222-0000-0000-0000-000000000011', 'english', 'completed', '2026-01-20 16:00+02', '2026-01-20 16:00+02', 125, 19, 'paid'),
('44444444-0000-0000-0000-000000000057', '33333333-0000-0000-0000-000000000001', '22222222-0000-0000-0000-000000000006', 'math', 'completed', '2026-01-19 16:00+02', '2026-01-19 16:00+02', 140, 21, 'paid'),
('44444444-0000-0000-0000-000000000058', '33333333-0000-0000-0000-000000000001', '22222222-0000-0000-0000-000000000023', 'science', 'completed', '2026-01-20 16:00+02', '2026-01-20 16:00+02', 130, 20, 'paid'),
('44444444-0000-0000-0000-000000000059', '33333333-0000-0000-0000-000000000001', '22222222-0000-0000-0000-000000000017', 'math', 'completed', '2026-01-21 16:00+02', '2026-01-21 16:00+02', 150, 23, 'paid'),
('44444444-0000-0000-0000-000000000060', '33333333-0000-0000-0000-000000000001', '22222222-0000-0000-0000-000000000020', 'hebrew', 'completed', '2026-01-20 16:00+02', '2026-01-20 16:00+02', 115, 17, 'paid');

-- ============================================================
-- REVIEWS (60 — one per booking)
-- ============================================================

insert into public.reviews (tutor_id, booking_id, author_id, rating, text) values
('22222222-0000-0000-0000-000000000001', '44444444-0000-0000-0000-000000000001', '33333333-0000-0000-0000-000000000001', 5, 'רונית מדהימה! הבן שלי סוף סוף מבין שברים. ממליצה בחום.'),
('22222222-0000-0000-0000-000000000001', '44444444-0000-0000-0000-000000000002', '33333333-0000-0000-0000-000000000001', 5, 'שיעור מעולה, רונית יודעת להסביר בצורה ברורה ופשוטה.'),
('22222222-0000-0000-0000-000000000001', '44444444-0000-0000-0000-000000000003', '33333333-0000-0000-0000-000000000001', 5, 'שוב שיעור מצוין. הילד כבר מחכה לשיעור הבא.'),
('22222222-0000-0000-0000-000000000001', '44444444-0000-0000-0000-000000000044', '33333333-0000-0000-0000-000000000001', 5, 'רונית סבלנית ומקצועית. אחלה מורה.'),
('22222222-0000-0000-0000-000000000001', '44444444-0000-0000-0000-000000000045', '33333333-0000-0000-0000-000000000001', 4, 'שיעור טוב, קצת עמוס בחומר אבל הילד אהב.'),
('22222222-0000-0000-0000-000000000002', '44444444-0000-0000-0000-000000000004', '33333333-0000-0000-0000-000000000001', 5, 'דני פנטסטי! השיעור היה כיפי ויעיל בו זמנית.'),
('22222222-0000-0000-0000-000000000002', '44444444-0000-0000-0000-000000000005', '33333333-0000-0000-0000-000000000001', 5, 'הבת שלי מדברת אנגלית בביטחון אחרי כמה שיעורים.'),
('22222222-0000-0000-0000-000000000002', '44444444-0000-0000-0000-000000000046', '33333333-0000-0000-0000-000000000001', 4, 'שיעור מוצלח, אווירה נעימה.'),
('22222222-0000-0000-0000-000000000003', '44444444-0000-0000-0000-000000000006', '33333333-0000-0000-0000-000000000001', 5, 'מיכל גאונית. הניסויים שהיא עושה מרתקים.'),
('22222222-0000-0000-0000-000000000003', '44444444-0000-0000-0000-000000000007', '33333333-0000-0000-0000-000000000001', 5, 'שיעור מדעים הכי טוב שהיה לנו. הילד בהתלהבות.'),
('22222222-0000-0000-0000-000000000003', '44444444-0000-0000-0000-000000000008', '33333333-0000-0000-0000-000000000001', 5, 'מקצועית ברמה אחרת. כל שקל שווה.'),
('22222222-0000-0000-0000-000000000003', '44444444-0000-0000-0000-000000000047', '33333333-0000-0000-0000-000000000001', 5, 'שוב שיעור מהמם. מיכל פשוט הכי טובה.'),
('22222222-0000-0000-0000-000000000003', '44444444-0000-0000-0000-000000000055', '33333333-0000-0000-0000-000000000001', 4, 'שיעור מתמטיקה מצוין, קצב טוב.'),
('22222222-0000-0000-0000-000000000004', '44444444-0000-0000-0000-000000000009', '33333333-0000-0000-0000-000000000001', 5, 'יוסי מורה נהדר לעברית. הבנת הנקרא השתפרה מאוד.'),
('22222222-0000-0000-0000-000000000005', '44444444-0000-0000-0000-000000000010', '33333333-0000-0000-0000-000000000001', 5, 'נועה יצירתית ומרתקת. השיעורים שלה כיפיים.'),
('22222222-0000-0000-0000-000000000006', '44444444-0000-0000-0000-000000000011', '33333333-0000-0000-0000-000000000001', 5, 'אמיר גאון מתמטיקה. הילד שלי פשוט אוהב אותו.'),
('22222222-0000-0000-0000-000000000006', '44444444-0000-0000-0000-000000000012', '33333333-0000-0000-0000-000000000001', 5, 'שיעור עם חידות ואתגרים. הבן שלי נהנה מאוד.'),
('22222222-0000-0000-0000-000000000006', '44444444-0000-0000-0000-000000000013', '33333333-0000-0000-0000-000000000001', 5, 'שלושה שיעורים וכבר רואים שיפור משמעותי.'),
('22222222-0000-0000-0000-000000000006', '44444444-0000-0000-0000-000000000048', '33333333-0000-0000-0000-000000000001', 5, 'אמיר פשוט אלוף. ממליצים לכולם.'),
('22222222-0000-0000-0000-000000000006', '44444444-0000-0000-0000-000000000049', '33333333-0000-0000-0000-000000000001', 5, 'שיעור מצוין כרגיל. מקצועי ומהנה.'),
('22222222-0000-0000-0000-000000000006', '44444444-0000-0000-0000-000000000057', '33333333-0000-0000-0000-000000000001', 5, 'תמיד שיעור מעולה עם אמיר.'),
('22222222-0000-0000-0000-000000000007', '44444444-0000-0000-0000-000000000014', '33333333-0000-0000-0000-000000000001', 5, 'שירה מבינה ילדים עם קשיי ריכוז. ממש מקצועית.'),
('22222222-0000-0000-0000-000000000008', '44444444-0000-0000-0000-000000000015', '33333333-0000-0000-0000-000000000001', 5, 'עומר הפך היסטוריה למשהו מרתק. הילד ביקש עוד.'),
('22222222-0000-0000-0000-000000000009', '44444444-0000-0000-0000-000000000016', '33333333-0000-0000-0000-000000000001', 5, 'תמר סבלנית ומקצועית. שיפור גדול בציונים.'),
('22222222-0000-0000-0000-000000000009', '44444444-0000-0000-0000-000000000017', '33333333-0000-0000-0000-000000000001', 5, 'שוב שיעור מצוין. תמר הכי טובה.'),
('22222222-0000-0000-0000-000000000009', '44444444-0000-0000-0000-000000000054', '33333333-0000-0000-0000-000000000001', 4, 'שיעור טוב, הילד התקדם.'),
('22222222-0000-0000-0000-000000000010', '44444444-0000-0000-0000-000000000018', '33333333-0000-0000-0000-000000000001', 5, 'אייל מביא את המדע לחיים. ניסויים מדהימים.'),
('22222222-0000-0000-0000-000000000011', '44444444-0000-0000-0000-000000000019', '33333333-0000-0000-0000-000000000001', 5, 'מאיה מלמדת כמו native speaker. אנגלית אמיתית.'),
('22222222-0000-0000-0000-000000000011', '44444444-0000-0000-0000-000000000020', '33333333-0000-0000-0000-000000000001', 5, 'שיעור מעולה. הבת שלי מתחילה לחשוב באנגלית.'),
('22222222-0000-0000-0000-000000000011', '44444444-0000-0000-0000-000000000050', '33333333-0000-0000-0000-000000000001', 5, 'שוב שיעור יוצא מן הכלל עם מאיה.'),
('22222222-0000-0000-0000-000000000011', '44444444-0000-0000-0000-000000000056', '33333333-0000-0000-0000-000000000001', 4, 'שיעור טוב מאוד, קצת קצר.'),
('22222222-0000-0000-0000-000000000012', '44444444-0000-0000-0000-000000000021', '33333333-0000-0000-0000-000000000001', 4, 'עידו טוב, אבל צריך קצת יותר סבלנות.'),
('22222222-0000-0000-0000-000000000013', '44444444-0000-0000-0000-000000000022', '33333333-0000-0000-0000-000000000001', 5, 'ליאורה מדהימה עם ילדים דיסלקטיים. שיפור מיידי.'),
('22222222-0000-0000-0000-000000000013', '44444444-0000-0000-0000-000000000023', '33333333-0000-0000-0000-000000000001', 5, 'שוב שיעור מעולה. ליאורה פשוט הכי.'),
('22222222-0000-0000-0000-000000000013', '44444444-0000-0000-0000-000000000024', '33333333-0000-0000-0000-000000000001', 5, 'גם באנגלית ליאורה מצוינת. ממליצה!'),
('22222222-0000-0000-0000-000000000013', '44444444-0000-0000-0000-000000000051', '33333333-0000-0000-0000-000000000001', 5, 'ליאורה פשוט מהמורות הטובות שפגשנו.'),
('22222222-0000-0000-0000-000000000014', '44444444-0000-0000-0000-000000000025', '33333333-0000-0000-0000-000000000001', 5, 'גל מצחיק ומקצועי. שיעור קליל ויעיל.'),
('22222222-0000-0000-0000-000000000015', '44444444-0000-0000-0000-000000000026', '33333333-0000-0000-0000-000000000001', 5, 'יעל מביאה את ההיסטוריה לחיים. שיעור עם סרטים.'),
('22222222-0000-0000-0000-000000000016', '44444444-0000-0000-0000-000000000027', '33333333-0000-0000-0000-000000000001', 4, 'רותם טובה, שיעור גיאוגרפיה מעניין.'),
('22222222-0000-0000-0000-000000000017', '44444444-0000-0000-0000-000000000028', '33333333-0000-0000-0000-000000000001', 5, 'אורי ברמה אחרת. הילד שלי מרגיש אתגר אמיתי.'),
('22222222-0000-0000-0000-000000000017', '44444444-0000-0000-0000-000000000029', '33333333-0000-0000-0000-000000000001', 5, 'שיעור מתמטיקה ברמה הכי גבוהה. מדהים.'),
('22222222-0000-0000-0000-000000000017', '44444444-0000-0000-0000-000000000030', '33333333-0000-0000-0000-000000000001', 5, 'אורי מכין לאולימפיאדה. הילד צומח.'),
('22222222-0000-0000-0000-000000000017', '44444444-0000-0000-0000-000000000031', '33333333-0000-0000-0000-000000000001', 5, 'עוד שיעור מעולה. שווה כל שקל.'),
('22222222-0000-0000-0000-000000000017', '44444444-0000-0000-0000-000000000052', '33333333-0000-0000-0000-000000000001', 5, 'אורי הכי טוב. נקודה.'),
('22222222-0000-0000-0000-000000000017', '44444444-0000-0000-0000-000000000059', '33333333-0000-0000-0000-000000000001', 5, 'מקצועי, מרתק, ומאתגר. אורי פשוט מעולה.'),
('22222222-0000-0000-0000-000000000018', '44444444-0000-0000-0000-000000000032', '33333333-0000-0000-0000-000000000001', 4, 'עדן נחמדה ומקצועית. חומרי לימוד מותאמים.'),
('22222222-0000-0000-0000-000000000019', '44444444-0000-0000-0000-000000000033', '33333333-0000-0000-0000-000000000001', 5, 'ליאור מומחה אמיתי. 15 שנות ניסיון מרגישים.'),
('22222222-0000-0000-0000-000000000019', '44444444-0000-0000-0000-000000000034', '33333333-0000-0000-0000-000000000001', 5, 'שיעור מתמטיקה מצוין. ליאור יודע לבנות ביטחון.'),
('22222222-0000-0000-0000-000000000019', '44444444-0000-0000-0000-000000000035', '33333333-0000-0000-0000-000000000001', 5, 'שוב שיעור מדעים מהמם. ליאור הכי.'),
('22222222-0000-0000-0000-000000000019', '44444444-0000-0000-0000-000000000053', '33333333-0000-0000-0000-000000000001', 4, 'שיעור מוצלח, קצב נכון.'),
('22222222-0000-0000-0000-000000000020', '44444444-0000-0000-0000-000000000036', '33333333-0000-0000-0000-000000000001', 5, 'הילה מלמדת כתיבה יצירתית בצורה מדהימה.'),
('22222222-0000-0000-0000-000000000020', '44444444-0000-0000-0000-000000000037', '33333333-0000-0000-0000-000000000001', 5, 'הבת שלי כבר כותבת סיפורים בזכות הילה.'),
('22222222-0000-0000-0000-000000000020', '44444444-0000-0000-0000-000000000060', '33333333-0000-0000-0000-000000000001', 4, 'שיעור טוב מאוד, קצת קצר.'),
('22222222-0000-0000-0000-000000000021', '44444444-0000-0000-0000-000000000038', '33333333-0000-0000-0000-000000000001', 5, 'איתי מלמד אנגלית בצורה מרתקת. דובר 4 שפות!'),
('22222222-0000-0000-0000-000000000022', '44444444-0000-0000-0000-000000000039', '33333333-0000-0000-0000-000000000001', 4, 'ספיר טובה בשברים. גישה חיובית.'),
('22222222-0000-0000-0000-000000000023', '44444444-0000-0000-0000-000000000040', '33333333-0000-0000-0000-000000000001', 5, 'נועם מלמד מדעים דרך פרויקטים. הילד אוהב.'),
('22222222-0000-0000-0000-000000000023', '44444444-0000-0000-0000-000000000041', '33333333-0000-0000-0000-000000000001', 5, 'שוב פרויקט מגניב עם נועם. ממליצה.'),
('22222222-0000-0000-0000-000000000023', '44444444-0000-0000-0000-000000000058', '33333333-0000-0000-0000-000000000001', 5, 'נועם פשוט מדהים. הילד מחכה לשיעור הבא.'),
('22222222-0000-0000-0000-000000000024', '44444444-0000-0000-0000-000000000042', '33333333-0000-0000-0000-000000000001', 4, 'דנה מלמדת גיאוגרפיה בצורה מעניינת.'),
('22222222-0000-0000-0000-000000000025', '44444444-0000-0000-0000-000000000043', '33333333-0000-0000-0000-000000000001', 5, 'טל מלמד היסטוריה דרך דיון. הילד אוהב.');

-- Refresh materialized view
refresh materialized view public.tutor_rating_stats;
